<?xml version="1.0"?>
<theme id="grantastic"
        author="grant stavely"
        version="flatgray"
        url="mailto:kindbud@optonline.net"
        >
        <window
                background="base.bmp"
                >
                <dock align="bottomright"
                        left="-446" top="0"
                        >
		</dock>
                <font file="font.bmp"
                        width="6" height="10"
                        >
		</font>

                <meter id="hostname" type="net_hostname" param="%I:%M%p"></meter>
                <meter id="time" type="clock_time" param="%X"></meter>
                <meter id="uptime" type="clock_uptime"></meter>
                <meter id="inettime" type="clock_inettime"></meter>
                <meter id="cpu" type="cpu_usage"></meter>
                <meter id="mem_phy" type="mem_phy"></meter>
                <meter id="mem_swp" type="mem_swp"></meter>
                <meter id="net_speed_out" type="net_speed_out" param="0x1"></meter>
                <meter id="net_speed_in" type="net_speed_in" param="0x1"></meter>
                <meter id="text.netout" type="text_display" param="net0"></meter>
                <meter id="drivec_usage" type="drive_usage" param="C:\"></meter>
                <meter id="text.cdrive" type="text_display" param="/c"></meter>
                <meter id="drived_usage" type="drive_usage" param="D:\"></meter>
                <meter id="text.ddrive" type="text_display" param="/d"></meter>
                <meter id="net_tcp_estab" type="net_tcp_estab" param="0x1"></meter>
                <meter id="text.tcp" type="text_display" param="tcp:"></meter>


                <graph id="cpu"
                        left="8" top="39"
                        right="58" bottom="67"
                        style="filled"
			color="FFFFFF"
                        scale="percent"
                        >
                </graph>
                <graph id="mem_phy"
                        left="8" top="90"
                        right="58" bottom="118"
                        style="filled"
			color="FFFFFF"
                        scale="percent"
                        >
                </graph>
                <graph id="mem_swp"
                        left="8" top="141"
                        right="58" bottom="169"
			style="filled"
                        scale="percent"
			color="FFFFFF"
                        >
                </graph>
                <graph id="net_speed_out"
                        left="8" top="192"
                        right="58" bottom="220"
			style="filled"
			color="FFFFFF"
                        >
                </graph>
                <graph id="net_speed_in"
                        left="8" top="243"
                        right="58" bottom="271"
			style="filled"
			color="FFFFFF"
                        >
                </graph>      
                <text id="time"
                        left="13" top="6"
                        >
                </text>
                <text id="inettime"
                        left="26" top="22"
                        >
                </text>
                <text id="cpu"
                        left="12" top="38"
                        >
                </text>
                <text id="mem_phy"
                        left="12" top="90"
                        >
                </text>
                <text id="mem_swp"
                        left="12" top="141"
                        >
                </text>
                <text id="net_speed_out"
                        left="12" top="192"
                        >
                </text>
                <text id="net_speed_in"
                        left="12" top="242"
                        >
                </text>
                <text id="uptime"
                        left="19" top="310"
                        >
                </text>
        <text id="text.cdrive"
			left="13" top="328"
			>
	        </text>               

	<text id="text.ddrive"
			left="13" top="345"
			>
	        </text>
        <text id="text.edrive"
			left="13" top="362"
			>
	        </text>               
	<text id="text.fdrive"
			left="13" top="379"
			>
	        </text>
        <text id="text.tcp"
			left="16" top="413"
			>
	        </text>
        <text id="drivec_usage"
                        left="34" top="328"
                        >
                </text>
       <text id="drived_usage"
                        left="34" top="345"
                        >
                </text>
        <text id="drivee_usage"
                        left="34" top="362"
                        >
                </text>
        <text id="drivef_usage"
                        left="34" top="379"
                        >
                </text>
        <text id="hostname"
                        left="10" top="396"
                        >
                </text>
        <text id="net_tcp_estab"
                        left="40" top="413"
                        >
                </text>
        </window>
</theme>
